agent,k_h1,k_wl,disc_prob,h1_adj,wl_adj
Semaglutide 1 mg injectable (Ozempic),0.0000,0.0000,0.1813,0.6354,-3.5043
Semaglutide 1 mg injectable (Ozempic),0.2500,0.2000,0.1813,0.6066,-3.3772
Semaglutide 1 mg injectable (Ozempic),0.5000,0.4000,0.1813,0.5778,-3.2502
Semaglutide 1 mg injectable (Ozempic),0.7500,0.6000,0.1813,0.5490,-3.1232
Semaglutide 1 mg injectable (Ozempic),1.0000,0.8000,0.1813,0.5202,-2.9961
Semaglutide 2.4 mg injectable (Wegovy),0.0000,0.0000,0.1734,0.6376,-8.6386
Semaglutide 2.4 mg injectable (Wegovy),0.2500,0.2000,0.1734,0.6099,-8.3390
Semaglutide 2.4 mg injectable (Wegovy),0.5000,0.4000,0.1734,0.5823,-8.0394
Semaglutide 2.4 mg injectable (Wegovy),0.7500,0.6000,0.1734,0.5547,-7.7398
Semaglutide 2.4 mg injectable (Wegovy),1.0000,0.8000,0.1734,0.5270,-7.4403
Oral semaglutide 14 mg (Rybelsus),0.0000,0.0000,0.2226,0.4593,-2.4581
Oral semaglutide 14 mg (Rybelsus),0.2500,0.2000,0.2226,0.4337,-2.3486
Oral semaglutide 14 mg (Rybelsus),0.5000,0.4000,0.2226,0.4082,-2.2392
Oral semaglutide 14 mg (Rybelsus),0.7500,0.6000,0.2226,0.3826,-2.1297
Oral semaglutide 14 mg (Rybelsus),1.0000,0.8000,0.2226,0.3571,-2.0203
Tirzepatide 10 mg,0.0000,0.0000,0.1415,0.7329,-12.1646
Tirzepatide 10 mg,0.2500,0.2000,0.1415,0.7070,-11.8203
Tirzepatide 10 mg,0.5000,0.4000,0.1415,0.6811,-11.4760
Tirzepatide 10 mg,0.7500,0.6000,0.1415,0.6551,-11.1317
Tirzepatide 10 mg,1.0000,0.8000,0.1415,0.6292,-10.7874
Tirzepatide 15 mg,0.0000,0.0000,0.1495,0.7292,-12.6495
Tirzepatide 15 mg,0.2500,0.2000,0.1495,0.7019,-12.2713
Tirzepatide 15 mg,0.5000,0.4000,0.1495,0.6747,-11.8931
Tirzepatide 15 mg,0.7500,0.6000,0.1495,0.6474,-11.5149
Tirzepatide 15 mg,1.0000,0.8000,0.1495,0.6202,-11.1366
