level,agent,factor,h1_trial,wl_trial,gi_prob,disc_prob,h1_adj,wl_adj,n,h1_retained,wl_retained
reference profile,Semaglutide 1 mg injectable (Ozempic),0.4000,1.1553,-4.8670,0.5079,0.1813,0.4202,-1.8057,,0.3637,0.3710
reference profile,Semaglutide 1 mg injectable (Ozempic),0.4500,1.1553,-4.8670,0.5079,0.1813,0.4728,-2.0314,,0.4092,0.4174
reference profile,Semaglutide 1 mg injectable (Ozempic),0.5000,1.1553,-4.8670,0.5079,0.1813,0.5253,-2.2571,,0.4547,0.4637
reference profile,Semaglutide 1 mg injectable (Ozempic),0.5500,1.1553,-4.8670,0.5079,0.1813,0.5778,-2.4828,,0.5002,0.5101
reference profile,Semaglutide 1 mg injectable (Ozempic),0.6000,1.1553,-4.8670,0.5079,0.1813,0.6303,-2.7085,,0.5456,0.5565
reference profile,Semaglutide 1 mg injectable (Ozempic),0.6500,1.1553,-4.8670,0.5079,0.1813,0.6829,-2.9342,,0.5911,0.6029
reference profile,Semaglutide 1 mg injectable (Ozempic),0.7000,1.1553,-4.8670,0.5079,0.1813,0.7354,-3.1599,,0.6366,0.6492
reference profile,Semaglutide 1 mg injectable (Ozempic),0.7200,1.1553,-4.8670,0.5079,0.1813,0.7564,-3.2502,,0.6547,0.6678
reference profile,Semaglutide 1 mg injectable (Ozempic),0.7500,1.1553,-4.8670,0.5079,0.1813,0.7879,-3.3856,,0.6820,0.6956
reference profile,Semaglutide 1 mg injectable (Ozempic),0.8000,1.1553,-4.8670,0.5079,0.1813,0.8405,-3.6113,,0.7275,0.7420
reference profile,Semaglutide 1 mg injectable (Ozempic),0.8500,1.1553,-4.8670,0.5079,0.1813,0.8930,-3.8370,,0.7730,0.7884
reference profile,Semaglutide 1 mg injectable (Ozempic),0.9000,1.1553,-4.8670,0.5079,0.1813,0.9455,-4.0627,,0.8184,0.8347
reference profile,Semaglutide 1 mg injectable (Ozempic),0.9500,1.1553,-4.8670,0.5079,0.1813,0.9980,-4.2884,,0.8639,0.8811
reference profile,Semaglutide 1 mg injectable (Ozempic),1.0000,1.1553,-4.8670,0.5079,0.1813,1.0506,-4.5142,,0.9094,0.9275
reference profile,Semaglutide 2.4 mg injectable (Wegovy),0.4000,1.1592,-11.9980,0.5476,0.1734,0.4235,-4.4663,,0.3653,0.3723
reference profile,Semaglutide 2.4 mg injectable (Wegovy),0.4500,1.1592,-11.9980,0.5476,0.1734,0.4764,-5.0246,,0.4110,0.4188
reference profile,Semaglutide 2.4 mg injectable (Wegovy),0.5000,1.1592,-11.9980,0.5476,0.1734,0.5294,-5.5829,,0.4567,0.4653
reference profile,Semaglutide 2.4 mg injectable (Wegovy),0.5500,1.1592,-11.9980,0.5476,0.1734,0.5823,-6.1412,,0.5023,0.5119
reference profile,Semaglutide 2.4 mg injectable (Wegovy),0.6000,1.1592,-11.9980,0.5476,0.1734,0.6352,-6.6995,,0.5480,0.5584
reference profile,Semaglutide 2.4 mg injectable (Wegovy),0.6500,1.1592,-11.9980,0.5476,0.1734,0.6882,-7.2578,,0.5936,0.6049
reference profile,Semaglutide 2.4 mg injectable (Wegovy),0.7000,1.1592,-11.9980,0.5476,0.1734,0.7411,-7.8161,,0.6393,0.6514
reference profile,Semaglutide 2.4 mg injectable (Wegovy),0.7200,1.1592,-11.9980,0.5476,0.1734,0.7623,-8.0394,,0.6576,0.6701
reference profile,Semaglutide 2.4 mg injectable (Wegovy),0.7500,1.1592,-11.9980,0.5476,0.1734,0.7940,-8.3744,,0.6850,0.6980
reference profile,Semaglutide 2.4 mg injectable (Wegovy),0.8000,1.1592,-11.9980,0.5476,0.1734,0.8470,-8.9327,,0.7306,0.7445
reference profile,Semaglutide 2.4 mg injectable (Wegovy),0.8500,1.1592,-11.9980,0.5476,0.1734,0.8999,-9.4910,,0.7763,0.7910
reference profile,Semaglutide 2.4 mg injectable (Wegovy),0.9000,1.1592,-11.9980,0.5476,0.1734,0.9529,-10.0493,,0.8220,0.8376
reference profile,Semaglutide 2.4 mg injectable (Wegovy),0.9500,1.1592,-11.9980,0.5476,0.1734,1.0058,-10.6076,,0.8676,0.8841
reference profile,Semaglutide 2.4 mg injectable (Wegovy),1.0000,1.1592,-11.9980,0.5476,0.1734,1.0587,-11.1659,,0.9133,0.9306
reference profile,Oral semaglutide 14 mg (Rybelsus),0.4000,0.8351,-3.4140,0.5079,0.2226,0.2969,-1.2440,,0.3555,0.3644
reference profile,Oral semaglutide 14 mg (Rybelsus),0.4500,0.8351,-3.4140,0.5079,0.2226,0.3340,-1.3995,,0.3999,0.4099
reference profile,Oral semaglutide 14 mg (Rybelsus),0.5000,0.8351,-3.4140,0.5079,0.2226,0.3711,-1.5550,,0.4443,0.4555
reference profile,Oral semaglutide 14 mg (Rybelsus),0.5500,0.8351,-3.4140,0.5079,0.2226,0.4082,-1.7105,,0.4888,0.5010
reference profile,Oral semaglutide 14 mg (Rybelsus),0.6000,0.8351,-3.4140,0.5079,0.2226,0.4453,-1.8660,,0.5332,0.5466
reference profile,Oral semaglutide 14 mg (Rybelsus),0.6500,0.8351,-3.4140,0.5079,0.2226,0.4824,-2.0215,,0.5776,0.5921
reference profile,Oral semaglutide 14 mg (Rybelsus),0.7000,0.8351,-3.4140,0.5079,0.2226,0.5195,-2.1770,,0.6221,0.6377
reference profile,Oral semaglutide 14 mg (Rybelsus),0.7200,0.8351,-3.4140,0.5079,0.2226,0.5343,-2.2392,,0.6399,0.6559
reference profile,Oral semaglutide 14 mg (Rybelsus),0.7500,0.8351,-3.4140,0.5079,0.2226,0.5566,-2.3325,,0.6665,0.6832
reference profile,Oral semaglutide 14 mg (Rybelsus),0.8000,0.8351,-3.4140,0.5079,0.2226,0.5937,-2.4880,,0.7110,0.7288
reference profile,Oral semaglutide 14 mg (Rybelsus),0.8500,0.8351,-3.4140,0.5079,0.2226,0.6308,-2.6435,,0.7554,0.7743
reference profile,Oral semaglutide 14 mg (Rybelsus),0.9000,0.8351,-3.4140,0.5079,0.2226,0.6679,-2.7990,,0.7998,0.8199
reference profile,Oral semaglutide 14 mg (Rybelsus),0.9500,0.8351,-3.4140,0.5079,0.2226,0.7050,-2.9545,,0.8443,0.8654
reference profile,Oral semaglutide 14 mg (Rybelsus),1.0000,0.8351,-3.4140,0.5079,0.2226,0.7422,-3.1100,,0.8887,0.9110
reference profile,Tirzepatide 10 mg,0.4000,1.3326,-16.8953,0.4666,0.1415,0.4953,-6.3756,,0.3717,0.3774
reference profile,Tirzepatide 10 mg,0.4500,1.3326,-16.8953,0.4666,0.1415,0.5572,-7.1725,,0.4182,0.4245
reference profile,Tirzepatide 10 mg,0.5000,1.3326,-16.8953,0.4666,0.1415,0.6191,-7.9695,,0.4646,0.4717
reference profile,Tirzepatide 10 mg,0.5500,1.3326,-16.8953,0.4666,0.1415,0.6811,-8.7664,,0.5111,0.5189
reference profile,Tirzepatide 10 mg,0.6000,1.3326,-16.8953,0.4666,0.1415,0.7430,-9.5633,,0.5575,0.5660
reference profile,Tirzepatide 10 mg,0.6500,1.3326,-16.8953,0.4666,0.1415,0.8049,-10.3603,,0.6040,0.6132
reference profile,Tirzepatide 10 mg,0.7000,1.3326,-16.8953,0.4666,0.1415,0.8668,-11.1572,,0.6505,0.6604
reference profile,Tirzepatide 10 mg,0.7200,1.3326,-16.8953,0.4666,0.1415,0.8916,-11.4760,,0.6691,0.6792
reference profile,Tirzepatide 10 mg,0.7500,1.3326,-16.8953,0.4666,0.1415,0.9287,-11.9542,,0.6969,0.7075
reference profile,Tirzepatide 10 mg,0.8000,1.3326,-16.8953,0.4666,0.1415,0.9906,-12.7511,,0.7434,0.7547
reference profile,Tirzepatide 10 mg,0.8500,1.3326,-16.8953,0.4666,0.1415,1.0525,-13.5481,,0.7899,0.8019
reference profile,Tirzepatide 10 mg,0.9000,1.3326,-16.8953,0.4666,0.1415,1.1145,-14.3450,,0.8363,0.8491
reference profile,Tirzepatide 10 mg,0.9500,1.3326,-16.8953,0.4666,0.1415,1.1764,-15.1420,,0.8828,0.8962
reference profile,Tirzepatide 10 mg,1.0000,1.3326,-16.8953,0.4666,0.1415,1.2383,-15.9389,,0.9292,0.9434
reference profile,Tirzepatide 15 mg,0.4000,1.3258,-17.5687,0.5079,0.1495,0.4907,-6.6073,,0.3701,0.3761
reference profile,Tirzepatide 15 mg,0.4500,1.3258,-17.5687,0.5079,0.1495,0.5520,-7.4332,,0.4164,0.4231
reference profile,Tirzepatide 15 mg,0.5000,1.3258,-17.5687,0.5079,0.1495,0.6133,-8.2591,,0.4626,0.4701
reference profile,Tirzepatide 15 mg,0.5500,1.3258,-17.5687,0.5079,0.1495,0.6747,-9.0850,,0.5089,0.5171
reference profile,Tirzepatide 15 mg,0.6000,1.3258,-17.5687,0.5079,0.1495,0.7360,-9.9109,,0.5552,0.5641
reference profile,Tirzepatide 15 mg,0.6500,1.3258,-17.5687,0.5079,0.1495,0.7974,-10.7368,,0.6014,0.6111
reference profile,Tirzepatide 15 mg,0.7000,1.3258,-17.5687,0.5079,0.1495,0.8587,-11.5627,,0.6477,0.6581
reference profile,Tirzepatide 15 mg,0.7200,1.3258,-17.5687,0.5079,0.1495,0.8832,-11.8931,,0.6662,0.6769
reference profile,Tirzepatide 15 mg,0.7500,1.3258,-17.5687,0.5079,0.1495,0.9200,-12.3886,,0.6939,0.7052
reference profile,Tirzepatide 15 mg,0.8000,1.3258,-17.5687,0.5079,0.1495,0.9814,-13.2145,,0.7402,0.7522
reference profile,Tirzepatide 15 mg,0.8500,1.3258,-17.5687,0.5079,0.1495,1.0427,-14.0404,,0.7865,0.7992
reference profile,Tirzepatide 15 mg,0.9000,1.3258,-17.5687,0.5079,0.1495,1.1040,-14.8663,,0.8327,0.8462
reference profile,Tirzepatide 15 mg,0.9500,1.3258,-17.5687,0.5079,0.1495,1.1654,-15.6922,,0.8790,0.8932
reference profile,Tirzepatide 15 mg,1.0000,1.3258,-17.5687,0.5079,0.1495,1.2267,-16.5181,,0.9253,0.9402
synthetic cohort mean,Semaglutide 1 mg injectable (Ozempic),0.4000,0.9541,-5.2090,0.4360,0.1488,0.3538,-1.9670,492.0000,0.3708,0.3776
synthetic cohort mean,Semaglutide 1 mg injectable (Ozempic),0.4500,0.9541,-5.2090,0.4360,0.1488,0.3980,-2.2128,492.0000,0.4171,0.4248
synthetic cohort mean,Semaglutide 1 mg injectable (Ozempic),0.5000,0.9541,-5.2090,0.4360,0.1488,0.4422,-2.4587,492.0000,0.4635,0.4720
synthetic cohort mean,Semaglutide 1 mg injectable (Ozempic),0.5500,0.9541,-5.2090,0.4360,0.1488,0.4864,-2.7046,492.0000,0.5098,0.5192
synthetic cohort mean,Semaglutide 1 mg injectable (Ozempic),0.6000,0.9541,-5.2090,0.4360,0.1488,0.5306,-2.9505,492.0000,0.5562,0.5664
synthetic cohort mean,Semaglutide 1 mg injectable (Ozempic),0.6500,0.9541,-5.2090,0.4360,0.1488,0.5749,-3.1963,492.0000,0.6025,0.6136
synthetic cohort mean,Semaglutide 1 mg injectable (Ozempic),0.7000,0.9541,-5.2090,0.4360,0.1488,0.6191,-3.4422,492.0000,0.6488,0.6608
synthetic cohort mean,Semaglutide 1 mg injectable (Ozempic),0.7200,0.9541,-5.2090,0.4360,0.1488,0.6368,-3.5405,492.0000,0.6674,0.6797
synthetic cohort mean,Semaglutide 1 mg injectable (Ozempic),0.7500,0.9541,-5.2090,0.4360,0.1488,0.6633,-3.6881,492.0000,0.6952,0.7080
synthetic cohort mean,Semaglutide 1 mg injectable (Ozempic),0.8000,0.9541,-5.2090,0.4360,0.1488,0.7075,-3.9339,492.0000,0.7415,0.7552
synthetic cohort mean,Semaglutide 1 mg injectable (Ozempic),0.8500,0.9541,-5.2090,0.4360,0.1488,0.7517,-4.1798,492.0000,0.7879,0.8024
synthetic cohort mean,Semaglutide 1 mg injectable (Ozempic),0.9000,0.9541,-5.2090,0.4360,0.1488,0.7960,-4.4257,492.0000,0.8342,0.8496
synthetic cohort mean,Semaglutide 1 mg injectable (Ozempic),0.9500,0.9541,-5.2090,0.4360,0.1488,0.8402,-4.6716,492.0000,0.8806,0.8968
synthetic cohort mean,Semaglutide 1 mg injectable (Ozempic),1.0000,0.9541,-5.2090,0.4360,0.1488,0.8844,-4.9174,492.0000,0.9269,0.9440
synthetic cohort mean,Semaglutide 2.4 mg injectable (Wegovy),0.4000,0.9631,-11.5381,0.4600,0.1402,0.3587,-4.3641,512.0000,0.3725,0.3782
synthetic cohort mean,Semaglutide 2.4 mg injectable (Wegovy),0.4500,0.9631,-11.5381,0.4600,0.1402,0.4036,-4.9096,512.0000,0.4190,0.4255
synthetic cohort mean,Semaglutide 2.4 mg injectable (Wegovy),0.5000,0.9631,-11.5381,0.4600,0.1402,0.4484,-5.4551,512.0000,0.4656,0.4728
synthetic cohort mean,Semaglutide 2.4 mg injectable (Wegovy),0.5500,0.9631,-11.5381,0.4600,0.1402,0.4932,-6.0006,512.0000,0.5121,0.5201
synthetic cohort mean,Semaglutide 2.4 mg injectable (Wegovy),0.6000,0.9631,-11.5381,0.4600,0.1402,0.5381,-6.5461,512.0000,0.5587,0.5673
synthetic cohort mean,Semaglutide 2.4 mg injectable (Wegovy),0.6500,0.9631,-11.5381,0.4600,0.1402,0.5829,-7.0916,512.0000,0.6053,0.6146
synthetic cohort mean,Semaglutide 2.4 mg injectable (Wegovy),0.7000,0.9631,-11.5381,0.4600,0.1402,0.6278,-7.6371,512.0000,0.6518,0.6619
synthetic cohort mean,Semaglutide 2.4 mg injectable (Wegovy),0.7200,0.9631,-11.5381,0.4600,0.1402,0.6457,-7.8553,512.0000,0.6704,0.6808
synthetic cohort mean,Semaglutide 2.4 mg injectable (Wegovy),0.7500,0.9631,-11.5381,0.4600,0.1402,0.6726,-8.1826,512.0000,0.6984,0.7092
synthetic cohort mean,Semaglutide 2.4 mg injectable (Wegovy),0.8000,0.9631,-11.5381,0.4600,0.1402,0.7174,-8.7281,512.0000,0.7449,0.7565
synthetic cohort mean,Semaglutide 2.4 mg injectable (Wegovy),0.8500,0.9631,-11.5381,0.4600,0.1402,0.7623,-9.2736,512.0000,0.7915,0.8037
synthetic cohort mean,Semaglutide 2.4 mg injectable (Wegovy),0.9000,0.9631,-11.5381,0.4600,0.1402,0.8071,-9.8192,512.0000,0.8381,0.8510
synthetic cohort mean,Semaglutide 2.4 mg injectable (Wegovy),0.9500,0.9631,-11.5381,0.4600,0.1402,0.8519,-10.3647,512.0000,0.8846,0.8983
synthetic cohort mean,Semaglutide 2.4 mg injectable (Wegovy),1.0000,0.9631,-11.5381,0.4600,0.1402,0.8968,-10.9102,512.0000,0.9312,0.9456
synthetic cohort mean,Oral semaglutide 14 mg (Rybelsus),0.4000,0.7017,-2.8855,0.4485,0.1509,0.2604,-1.0876,471.0000,0.3711,0.3769
synthetic cohort mean,Oral semaglutide 14 mg (Rybelsus),0.4500,0.7017,-2.8855,0.4485,0.1509,0.2929,-1.2236,471.0000,0.4174,0.4240
synthetic cohort mean,Oral semaglutide 14 mg (Rybelsus),0.5000,0.7017,-2.8855,0.4485,0.1509,0.3255,-1.3596,471.0000,0.4638,0.4712
synthetic cohort mean,Oral semaglutide 14 mg (Rybelsus),0.5500,0.7017,-2.8855,0.4485,0.1509,0.3580,-1.4955,471.0000,0.5102,0.5183
synthetic cohort mean,Oral semaglutide 14 mg (Rybelsus),0.6000,0.7017,-2.8855,0.4485,0.1509,0.3905,-1.6315,471.0000,0.5566,0.5654
synthetic cohort mean,Oral semaglutide 14 mg (Rybelsus),0.6500,0.7017,-2.8855,0.4485,0.1509,0.4231,-1.7674,471.0000,0.6030,0.6125
synthetic cohort mean,Oral semaglutide 14 mg (Rybelsus),0.7000,0.7017,-2.8855,0.4485,0.1509,0.4556,-1.9034,471.0000,0.6494,0.6596
synthetic cohort mean,Oral semaglutide 14 mg (Rybelsus),0.7200,0.7017,-2.8855,0.4485,0.1509,0.4687,-1.9578,471.0000,0.6679,0.6785
synthetic cohort mean,Oral semaglutide 14 mg (Rybelsus),0.7500,0.7017,-2.8855,0.4485,0.1509,0.4882,-2.0393,471.0000,0.6957,0.7067
synthetic cohort mean,Oral semaglutide 14 mg (Rybelsus),0.8000,0.7017,-2.8855,0.4485,0.1509,0.5207,-2.1753,471.0000,0.7421,0.7539
synthetic cohort mean,Oral semaglutide 14 mg (Rybelsus),0.8500,0.7017,-2.8855,0.4485,0.1509,0.5533,-2.3112,471.0000,0.7885,0.8010
synthetic cohort mean,Oral semaglutide 14 mg (Rybelsus),0.9000,0.7017,-2.8855,0.4485,0.1509,0.5858,-2.4472,471.0000,0.8349,0.8481
synthetic cohort mean,Oral semaglutide 14 mg (Rybelsus),0.9500,0.7017,-2.8855,0.4485,0.1509,0.6184,-2.5831,471.0000,0.8813,0.8952
synthetic cohort mean,Oral semaglutide 14 mg (Rybelsus),1.0000,0.7017,-2.8855,0.4485,0.1509,0.6509,-2.7191,471.0000,0.9277,0.9423
synthetic cohort mean,Tirzepatide 10 mg,0.4000,1.1379,-16.4108,0.3821,0.1222,0.4281,-6.2540,513.0000,0.3762,0.3811
synthetic cohort mean,Tirzepatide 10 mg,0.4500,1.1379,-16.4108,0.3821,0.1222,0.4816,-7.0358,513.0000,0.4232,0.4287
synthetic cohort mean,Tirzepatide 10 mg,0.5000,1.1379,-16.4108,0.3821,0.1222,0.5351,-7.8175,513.0000,0.4702,0.4764
synthetic cohort mean,Tirzepatide 10 mg,0.5500,1.1379,-16.4108,0.3821,0.1222,0.5886,-8.5993,513.0000,0.5173,0.5240
synthetic cohort mean,Tirzepatide 10 mg,0.6000,1.1379,-16.4108,0.3821,0.1222,0.6421,-9.3810,513.0000,0.5643,0.5716
synthetic cohort mean,Tirzepatide 10 mg,0.6500,1.1379,-16.4108,0.3821,0.1222,0.6956,-10.1628,513.0000,0.6113,0.6193
synthetic cohort mean,Tirzepatide 10 mg,0.7000,1.1379,-16.4108,0.3821,0.1222,0.7491,-10.9446,513.0000,0.6583,0.6669
synthetic cohort mean,Tirzepatide 10 mg,0.7200,1.1379,-16.4108,0.3821,0.1222,0.7705,-11.2573,513.0000,0.6771,0.6860
synthetic cohort mean,Tirzepatide 10 mg,0.7500,1.1379,-16.4108,0.3821,0.1222,0.8026,-11.7263,513.0000,0.7054,0.7145
synthetic cohort mean,Tirzepatide 10 mg,0.8000,1.1379,-16.4108,0.3821,0.1222,0.8561,-12.5081,513.0000,0.7524,0.7622
synthetic cohort mean,Tirzepatide 10 mg,0.8500,1.1379,-16.4108,0.3821,0.1222,0.9096,-13.2898,513.0000,0.7994,0.8098
synthetic cohort mean,Tirzepatide 10 mg,0.9000,1.1379,-16.4108,0.3821,0.1222,0.9631,-14.0716,513.0000,0.8464,0.8575
synthetic cohort mean,Tirzepatide 10 mg,0.9500,1.1379,-16.4108,0.3821,0.1222,1.0166,-14.8533,513.0000,0.8935,0.9051
synthetic cohort mean,Tirzepatide 10 mg,1.0000,1.1379,-16.4108,0.3821,0.1222,1.0702,-15.6351,513.0000,0.9405,0.9527
synthetic cohort mean,Tirzepatide 15 mg,0.4000,1.1502,-17.1791,0.4371,0.1261,0.4306,-6.5398,512.0000,0.3744,0.3807
synthetic cohort mean,Tirzepatide 15 mg,0.4500,1.1502,-17.1791,0.4371,0.1261,0.4845,-7.3573,512.0000,0.4212,0.4283
synthetic cohort mean,Tirzepatide 15 mg,0.5000,1.1502,-17.1791,0.4371,0.1261,0.5383,-8.1748,512.0000,0.4680,0.4759
synthetic cohort mean,Tirzepatide 15 mg,0.5500,1.1502,-17.1791,0.4371,0.1261,0.5921,-8.9923,512.0000,0.5148,0.5234
synthetic cohort mean,Tirzepatide 15 mg,0.6000,1.1502,-17.1791,0.4371,0.1261,0.6459,-9.8097,512.0000,0.5616,0.5710
synthetic cohort mean,Tirzepatide 15 mg,0.6500,1.1502,-17.1791,0.4371,0.1261,0.6998,-10.6272,512.0000,0.6084,0.6186
synthetic cohort mean,Tirzepatide 15 mg,0.7000,1.1502,-17.1791,0.4371,0.1261,0.7536,-11.4447,512.0000,0.6552,0.6662
synthetic cohort mean,Tirzepatide 15 mg,0.7200,1.1502,-17.1791,0.4371,0.1261,0.7751,-11.7717,512.0000,0.6739,0.6852
synthetic cohort mean,Tirzepatide 15 mg,0.7500,1.1502,-17.1791,0.4371,0.1261,0.8074,-12.2622,512.0000,0.7020,0.7138
synthetic cohort mean,Tirzepatide 15 mg,0.8000,1.1502,-17.1791,0.4371,0.1261,0.8613,-13.0796,512.0000,0.7488,0.7614
synthetic cohort mean,Tirzepatide 15 mg,0.8500,1.1502,-17.1791,0.4371,0.1261,0.9151,-13.8971,512.0000,0.7956,0.8090
synthetic cohort mean,Tirzepatide 15 mg,0.9000,1.1502,-17.1791,0.4371,0.1261,0.9689,-14.7146,512.0000,0.8424,0.8565
synthetic cohort mean,Tirzepatide 15 mg,0.9500,1.1502,-17.1791,0.4371,0.1261,1.0227,-15.5321,512.0000,0.8892,0.9041
synthetic cohort mean,Tirzepatide 15 mg,1.0000,1.1502,-17.1791,0.4371,0.1261,1.0766,-16.3496,512.0000,0.9360,0.9517
