event,a_glp1_event,b_glp1_noevent,c_comp_event,d_comp_noevent,ROR_restricted,CI_low,CI_high
NAUSEA,51291,332896,27851,564062,3.12,3.07,3.17
VOMITING,25087,359100,19002,572911,2.11,2.07,2.15
CONSTIPATION,12901,371286,8472,583441,2.39,2.33,2.46
DIARRHOEA,24259,359928,30335,561578,1.25,1.23,1.27
IMPAIRED GASTRIC EMPTYING,4372,379815,419,591494,16.25,14.7,17.96
ILEUS,796,383391,308,591605,3.99,3.5,4.55
INTESTINAL OBSTRUCTION,1578,382609,841,591072,2.9,2.67,3.15
PANCREATITIS,8245,375942,5372,586541,2.39,2.31,2.48
PANCREATITIS ACUTE,2400,381787,2394,589519,1.55,1.46,1.64
CHOLELITHIASIS,2058,382129,1932,589981,1.64,1.55,1.75
OPTIC ISCHAEMIC NEUROPATHY,629,383558,86,591827,11.29,9.01,14.14
SUICIDAL IDEATION,1243,382944,1715,590198,1.12,1.04,1.2
DEEP VEIN THROMBOSIS,432,383755,2128,589785,0.31,0.28,0.35
PULMONARY EMBOLISM,780,383407,2974,588939,0.4,0.37,0.44
